trial,testing,parameters,initial_deadline,final_deadline,net_reward,actions,success
1,False,"{'a': 0.8, 'e': 1.0}",25,9,-73.69466310489426,"{0: 10, 1: 1, 2: 4, 3: 0, 4: 1}",1
2,False,"{'a': 0.8, 'e': 0.99203191483706066}",20,0,-140.36062504701076,"{0: 10, 1: 3, 2: 4, 3: 1, 4: 2}",0
3,False,"{'a': 0.8, 'e': 0.98412732005528514}",20,0,-103.33809969248438,"{0: 11, 1: 4, 2: 2, 3: 2, 4: 1}",0
4,False,"{'a': 0.8, 'e': 0.97628570975790929}",20,0,-73.89967671996048,"{0: 13, 1: 2, 2: 4, 3: 0, 4: 1}",0
5,False,"{'a': 0.8, 'e': 0.9685065820791976}",20,0,-12.617088569373218,"{0: 16, 1: 1, 2: 3, 3: 0, 4: 0}",0
6,False,"{'a': 0.8, 'e': 0.96078943915232318}",25,0,-189.7287402211639,"{0: 15, 1: 2, 2: 3, 3: 2, 4: 3}",0
7,False,"{'a': 0.8, 'e': 0.95313378707750473}",30,0,-142.6345290596945,"{0: 20, 1: 1, 2: 4, 3: 4, 4: 1}",0
8,False,"{'a': 0.8, 'e': 0.94553913589039629}",20,12,0.9015184091329891,"{0: 7, 1: 0, 2: 1, 3: 0, 4: 0}",1
9,False,"{'a': 0.8, 'e': 0.93800499953072947}",25,0,-91.10693317280618,"{0: 16, 1: 3, 2: 5, 3: 0, 4: 1}",0
10,False,"{'a': 0.8, 'e': 0.93053089581120574}",30,8,-200.92829186721565,"{0: 12, 1: 2, 2: 3, 3: 1, 4: 4}",1
11,False,"{'a': 0.8, 'e': 0.92311634638663576}",20,0,-107.93930686407406,"{0: 10, 1: 4, 2: 4, 3: 1, 4: 1}",0
12,False,"{'a': 0.8, 'e': 0.91576087672332562}",20,0,-171.86537184838087,"{0: 11, 1: 1, 2: 4, 3: 1, 4: 3}",0
13,False,"{'a': 0.8, 'e': 0.90846401606870619}",20,0,-77.153112861498,"{0: 12, 1: 3, 2: 4, 3: 0, 4: 1}",0
14,False,"{'a': 0.8, 'e': 0.90122529742120472}",20,0,-54.69538447510457,"{0: 15, 1: 1, 2: 3, 3: 0, 4: 1}",0
15,False,"{'a': 0.8, 'e': 0.89404425750035721}",30,0,-176.90054202319027,"{0: 18, 1: 4, 2: 4, 3: 1, 4: 3}",0
16,False,"{'a': 0.8, 'e': 0.88692043671715748}",30,0,-103.85797049795515,"{0: 20, 1: 2, 2: 6, 3: 1, 4: 1}",0
17,False,"{'a': 0.8, 'e': 0.87985337914464379}",25,0,-121.6643996232823,"{0: 15, 1: 2, 2: 5, 3: 2, 4: 1}",0
18,False,"{'a': 0.8, 'e': 0.87284263248871929}",20,0,-86.46236043767735,"{0: 15, 1: 1, 2: 2, 3: 0, 4: 2}",0
19,False,"{'a': 0.8, 'e': 0.86588774805920499}",20,4,-75.83144054367412,"{0: 9, 1: 2, 2: 4, 3: 0, 4: 1}",1
20,False,"{'a': 0.8, 'e': 0.85898828074112343}",30,0,-68.4081328851347,"{0: 19, 1: 4, 2: 7, 3: 0, 4: 0}",0
21,False,"{'a': 0.8, 'e': 0.85214378896621135}",30,0,-98.55276130004668,"{0: 19, 1: 2, 2: 7, 3: 2, 4: 0}",0
22,False,"{'a': 0.8, 'e': 0.84535383468465874}",20,0,-58.55951146753217,"{0: 14, 1: 0, 2: 4, 3: 2, 4: 0}",0
23,False,"{'a': 0.8, 'e': 0.83861798333707405}",20,2,-71.61338109536159,"{0: 10, 1: 3, 2: 3, 3: 2, 4: 0}",1
24,False,"{'a': 0.8, 'e': 0.83193580382667176}",20,0,-150.62987648608652,"{0: 13, 1: 1, 2: 2, 3: 1, 4: 3}",0
25,False,"{'a': 0.8, 'e': 0.82530686849168233}",20,0,-259.84895067524707,"{0: 11, 1: 1, 2: 1, 3: 1, 4: 6}",0
26,False,"{'a': 0.8, 'e': 0.81873075307798182}",20,0,-43.08830731682498,"{0: 14, 1: 1, 2: 5, 3: 0, 4: 0}",0
27,False,"{'a': 0.8, 'e': 0.81220703671193895}",25,0,-148.0140278783788,"{0: 16, 1: 2, 2: 4, 3: 0, 4: 3}",0
28,False,"{'a': 0.8, 'e': 0.80573530187347964}",20,15,-2.7545746848892563,"{0: 4, 1: 0, 2: 1, 3: 0, 4: 0}",1
29,False,"{'a': 0.8, 'e': 0.79931513436936508}",25,0,-219.25951714297395,"{0: 11, 1: 3, 2: 6, 3: 2, 4: 3}",0
30,False,"{'a': 0.8, 'e': 0.79294612330668368}",35,0,-172.28344255862243,"{0: 19, 1: 7, 2: 6, 3: 1, 4: 2}",0
31,False,"{'a': 0.8, 'e': 0.78662786106655347}",25,0,-114.77468150984083,"{0: 12, 1: 6, 2: 6, 3: 0, 4: 1}",0
32,False,"{'a': 0.8, 'e': 0.78035994327803426}",20,0,-93.96423477713353,"{0: 13, 1: 0, 2: 5, 3: 1, 4: 1}",0
33,False,"{'a': 0.8, 'e': 0.77414196879224839}",25,0,-71.65214111770291,"{0: 15, 1: 3, 2: 6, 3: 1, 4: 0}",0
34,False,"{'a': 0.8, 'e': 0.76797353965670612}",25,0,-105.54441271287813,"{0: 18, 1: 2, 2: 2, 3: 1, 4: 2}",0
35,False,"{'a': 0.8, 'e': 0.76185426108983756}",25,0,-205.04324530413808,"{0: 12, 1: 5, 2: 3, 3: 2, 4: 3}",0
36,False,"{'a': 0.8, 'e': 0.75578374145572547}",30,0,-220.0061193841853,"{0: 19, 1: 0, 2: 5, 3: 2, 4: 4}",0
37,False,"{'a': 0.8, 'e': 0.74976159223904126}",20,0,-41.33670192402634,"{0: 17, 1: 0, 2: 2, 3: 0, 4: 1}",0
38,False,"{'a': 0.8, 'e': 0.74378742802017961}",30,0,-117.09465684313648,"{0: 22, 1: 2, 2: 3, 3: 1, 4: 2}",0
39,False,"{'a': 0.8, 'e': 0.73786086645059112}",25,0,-55.375540636168225,"{0: 19, 1: 2, 2: 3, 3: 0, 4: 1}",0
40,False,"{'a': 0.8, 'e': 0.73198152822831264}",20,0,-172.93937514003628,"{0: 12, 1: 1, 2: 2, 3: 2, 4: 3}",0
41,False,"{'a': 0.8, 'e': 0.72614903707369094}",20,0,-89.39136962943186,"{0: 12, 1: 1, 2: 6, 3: 0, 4: 1}",0
42,False,"{'a': 0.8, 'e': 0.72036301970530137}",25,0,-84.22914859077542,"{0: 18, 1: 0, 2: 6, 3: 0, 4: 1}",0
43,False,"{'a': 0.8, 'e': 0.71462310581605726}",20,0,-46.4609049166723,"{0: 17, 1: 1, 2: 0, 3: 1, 4: 1}",0
44,False,"{'a': 0.8, 'e': 0.70892892804951069}",30,0,-49.32625148731009,"{0: 24, 1: 2, 2: 3, 3: 0, 4: 1}",0
45,False,"{'a': 0.8, 'e': 0.70328012197634093}",20,0,-98.73504147886283,"{0: 11, 1: 2, 2: 6, 3: 0, 4: 1}",0
46,False,"{'a': 0.8, 'e': 0.69767632607103103}",20,9,-52.14691872618222,"{0: 7, 1: 1, 2: 2, 3: 0, 4: 1}",1
47,False,"{'a': 0.8, 'e': 0.69211718168873038}",20,0,-62.388809048586694,"{0: 15, 1: 0, 2: 4, 3: 0, 4: 1}",0
48,False,"{'a': 0.8, 'e': 0.68660233304230101}",25,0,-92.47515294210173,"{0: 18, 1: 2, 2: 2, 3: 2, 4: 1}",0
49,False,"{'a': 0.8, 'e': 0.68113142717954711}",25,15,4.08443841864304,"{0: 9, 1: 0, 2: 1, 3: 0, 4: 0}",1
50,False,"{'a': 0.8, 'e': 0.67570411396062602}",30,0,-32.029173678115484,"{0: 24, 1: 1, 2: 4, 3: 1, 4: 0}",0
51,False,"{'a': 0.8, 'e': 0.67032004603563933}",20,0,-98.04055521918733,"{0: 10, 1: 3, 2: 6, 3: 0, 4: 1}",0
52,False,"{'a': 0.8, 'e': 0.66497887882240192}",25,0,-101.47364844698357,"{0: 16, 1: 0, 2: 8, 3: 0, 4: 1}",0
53,False,"{'a': 0.8, 'e': 0.65968027048438904}",20,0,-42.49743611859652,"{0: 16, 1: 3, 2: 0, 3: 0, 4: 1}",0
54,False,"{'a': 0.8, 'e': 0.65442388190885858}",20,0,-17.017267686171053,"{0: 16, 1: 1, 2: 3, 3: 0, 4: 0}",0
55,False,"{'a': 0.8, 'e': 0.64920937668514744}",20,0,-21.854129322871863,"{0: 17, 1: 0, 2: 2, 3: 1, 4: 0}",0
56,False,"{'a': 0.8, 'e': 0.64403642108314141}",35,0,-109.94768533743294,"{0: 25, 1: 2, 2: 5, 3: 2, 4: 1}",0
57,False,"{'a': 0.8, 'e': 0.63890468403191625}",20,9,-56.09285401528189,"{0: 8, 1: 0, 2: 1, 3: 1, 4: 1}",1
58,False,"{'a': 0.8, 'e': 0.63381383709854899}",20,2,-32.604899908997766,"{0: 14, 1: 0, 2: 3, 3: 1, 4: 0}",1
59,False,"{'a': 0.8, 'e': 0.62876355446709842}",20,7,-49.936689624218246,"{0: 10, 1: 1, 2: 0, 3: 1, 4: 1}",1
60,False,"{'a': 0.8, 'e': 0.62375351291775205}",20,0,-50.17008002007662,"{0: 15, 1: 2, 2: 2, 3: 0, 4: 1}",1
61,False,"{'a': 0.8, 'e': 0.61878339180614084}",30,13,6.376338033663027,"{0: 15, 1: 0, 2: 2, 3: 0, 4: 0}",1
62,False,"{'a': 0.8, 'e': 0.6138528730428171}",30,0,-74.99256391091201,"{0: 22, 1: 1, 2: 5, 3: 2, 4: 0}",0
63,False,"{'a': 0.8, 'e': 0.60896164107289685}",35,0,-6.452705626537293,"{0: 29, 1: 3, 2: 3, 3: 0, 4: 0}",0
64,False,"{'a': 0.8, 'e': 0.60410938285586468}",20,0,-69.16784159158149,"{0: 15, 1: 0, 2: 3, 3: 1, 4: 1}",0
65,False,"{'a': 0.8, 'e': 0.59929578784553839}",20,0,-37.0997581487902,"{0: 17, 1: 0, 2: 2, 3: 0, 4: 1}",0
66,False,"{'a': 0.8, 'e': 0.59452054797019438}",20,0,-59.44020033291016,"{0: 14, 1: 2, 2: 3, 3: 0, 4: 1}",0
67,False,"{'a': 0.8, 'e': 0.58978335761285039}",25,0,-195.86872193661878,"{0: 16, 1: 0, 2: 5, 3: 0, 4: 4}",0
68,False,"{'a': 0.8, 'e': 0.58508391359170686}",20,0,-129.80520184388362,"{0: 13, 1: 1, 2: 2, 3: 2, 4: 2}",0
69,False,"{'a': 0.8, 'e': 0.58042191514074237}",20,0,-14.429702111838507,"{0: 15, 1: 3, 2: 2, 3: 0, 4: 0}",0
70,False,"{'a': 0.8, 'e': 0.57579706389046448}",20,0,-61.69943118494659,"{0: 16, 1: 1, 2: 0, 3: 2, 4: 1}",0
71,False,"{'a': 0.8, 'e': 0.57120906384881487}",20,4,-0.521981460534491,"{0: 14, 1: 0, 2: 2, 3: 0, 4: 0}",1
72,False,"{'a': 0.8, 'e': 0.56665762138222464}",20,0,-102.75550811193212,"{0: 12, 1: 3, 2: 2, 3: 2, 4: 1}",0
73,False,"{'a': 0.8, 'e': 0.56214244519682244}",30,2,-71.97054400561393,"{0: 22, 1: 0, 2: 4, 3: 1, 4: 1}",1
74,False,"{'a': 0.8, 'e': 0.55766324631979125}",25,12,11.995031318046099,"{0: 12, 1: 0, 2: 1, 3: 0, 4: 0}",1
75,False,"{'a': 0.8, 'e': 0.55321973808087388}",25,12,-5.715265946808836,"{0: 11, 1: 0, 2: 2, 3: 0, 4: 0}",1
76,False,"{'a': 0.8, 'e': 0.5488116360940265}",30,0,-165.46475825610366,"{0: 22, 1: 2, 2: 2, 3: 0, 4: 4}",0
77,False,"{'a': 0.8, 'e': 0.54443865823921711}",25,0,2.922428976019765,"{0: 22, 1: 1, 2: 2, 3: 0, 4: 0}",0
78,False,"{'a': 0.8, 'e': 0.54010052464437064}",20,2,-41.41919244026948,"{0: 16, 1: 0, 2: 0, 3: 1, 4: 1}",1
79,False,"{'a': 0.8, 'e': 0.53579695766745605}",30,9,15.40362503311924,"{0: 19, 1: 1, 2: 1, 3: 0, 4: 0}",1
80,False,"{'a': 0.8, 'e': 0.53152768187871791}",20,0,4.382454187467477,"{0: 17, 1: 2, 2: 1, 3: 0, 4: 0}",0
81,False,"{'a': 0.8, 'e': 0.52729242404304855}",25,10,-99.83070833731485,"{0: 10, 1: 1, 2: 1, 3: 1, 4: 2}",1
82,False,"{'a': 0.8, 'e': 0.52309091310250078}",25,12,-72.65877046616228,"{0: 10, 1: 0, 2: 1, 3: 0, 4: 2}",1
83,False,"{'a': 0.8, 'e': 0.51892288015894039}",25,0,-46.57976138101418,"{0: 18, 1: 3, 2: 3, 3: 1, 4: 0}",0
84,False,"{'a': 0.8, 'e': 0.51478805845683617}",30,0,-82.94769397604134,"{0: 22, 1: 1, 2: 5, 3: 1, 4: 1}",0
85,False,"{'a': 0.8, 'e': 0.51068618336618787}",20,9,8.919334465518014,"{0: 10, 1: 0, 2: 1, 3: 0, 4: 0}",1
86,False,"{'a': 0.8, 'e': 0.50661699236558955}",20,1,-61.03172885140579,"{0: 14, 1: 0, 2: 4, 3: 0, 4: 1}",1
87,False,"{'a': 0.8, 'e': 0.50258022502542832}",30,0,-73.62444145499157,"{0: 23, 1: 3, 2: 1, 3: 2, 4: 1}",0
88,False,"{'a': 0.8, 'e': 0.49857562299121649}",25,0,-101.65365796055295,"{0: 18, 1: 1, 2: 4, 3: 0, 4: 2}",0
89,False,"{'a': 0.8, 'e': 0.49460292996705701}",30,0,-142.2320909338911,"{0: 20, 1: 2, 2: 4, 3: 2, 4: 2}",0
90,False,"{'a': 0.8, 'e': 0.49066189169924013}",25,0,-33.108689254348505,"{0: 20, 1: 0, 2: 4, 3: 1, 4: 0}",0
91,False,"{'a': 0.8, 'e': 0.48675225595997168}",30,6,-11.72489849771138,"{0: 21, 1: 0, 2: 1, 3: 2, 4: 0}",1
92,False,"{'a': 0.8, 'e': 0.48287377253122976}",25,0,-68.96962628522448,"{0: 19, 1: 2, 2: 2, 3: 1, 4: 1}",0
93,False,"{'a': 0.8, 'e': 0.47902619318875111}",25,0,-103.984691194197,"{0: 18, 1: 2, 2: 2, 3: 1, 4: 2}",0
94,False,"{'a': 0.8, 'e': 0.47520927168614446}",20,0,-43.82335088906771,"{0: 15, 1: 1, 2: 2, 3: 2, 4: 0}",0
95,False,"{'a': 0.8, 'e': 0.47142276373913089}",30,0,-11.630232962952888,"{0: 25, 1: 1, 2: 4, 3: 0, 4: 0}",0
96,False,"{'a': 0.8, 'e': 0.46766642700990924}",20,5,-18.150169758749836,"{0: 11, 1: 1, 2: 3, 3: 0, 4: 0}",1
97,False,"{'a': 0.8, 'e': 0.46394002109164673}",20,0,9.29013893985319,"{0: 19, 1: 0, 2: 1, 3: 0, 4: 0}",0
98,False,"{'a': 0.8, 'e': 0.46024330749309256}",35,0,-33.83687562261668,"{0: 31, 1: 0, 2: 2, 3: 1, 4: 1}",0
99,False,"{'a': 0.8, 'e': 0.45657604962331472}",20,0,-56.05715861218936,"{0: 15, 1: 2, 2: 1, 3: 1, 4: 1}",0
100,False,"{'a': 0.8, 'e': 0.45293801277655771}",30,0,-23.699004613659792,"{0: 23, 1: 1, 2: 6, 3: 0, 4: 0}",1
101,False,"{'a': 0.8, 'e': 0.44932896411722156}",20,0,-39.39268705719029,"{0: 17, 1: 1, 2: 0, 3: 1, 4: 1}",0
102,False,"{'a': 0.8, 'e': 0.44574867266496021}",20,0,-55.65971810652818,"{0: 16, 1: 1, 2: 1, 3: 1, 4: 1}",0
103,False,"{'a': 0.8, 'e': 0.44219690927989863}",20,9,-37.993174947023576,"{0: 9, 1: 0, 2: 1, 3: 0, 4: 1}",1
104,False,"{'a': 0.8, 'e': 0.43867344664796781}",20,9,-2.341376399727862,"{0: 9, 1: 0, 2: 2, 3: 0, 4: 0}",1
105,False,"{'a': 0.8, 'e': 0.43517805926635666}",30,2,-16.158924385161402,"{0: 24, 1: 1, 2: 2, 3: 1, 4: 0}",1
106,False,"{'a': 0.8, 'e': 0.43171052342907973}",20,1,-115.49910866527179,"{0: 12, 1: 2, 2: 2, 3: 1, 4: 2}",1
107,False,"{'a': 0.8, 'e': 0.42827061721265969}",20,14,9.546816545610943,"{0: 6, 1: 0, 2: 0, 3: 0, 4: 0}",1
108,False,"{'a': 0.8, 'e': 0.42485812046192456}",20,0,-56.19991342601695,"{0: 14, 1: 2, 2: 2, 3: 2, 4: 0}",0
109,False,"{'a': 0.8, 'e': 0.42147281477591764}",35,18,-20.454496085282152,"{0: 13, 1: 0, 2: 4, 3: 0, 4: 0}",1
110,False,"{'a': 0.8, 'e': 0.41811448349391933}",25,0,0.17034689371980272,"{0: 21, 1: 2, 2: 2, 3: 0, 4: 0}",0
111,False,"{'a': 0.8, 'e': 0.41478291168158138}",25,0,-8.40592016102305,"{0: 20, 1: 3, 2: 2, 3: 0, 4: 0}",0
112,False,"{'a': 0.8, 'e': 0.41147788611717057}",20,3,-15.480391330795438,"{0: 13, 1: 2, 2: 1, 3: 1, 4: 0}",1
113,False,"{'a': 0.8, 'e': 0.4081991952779227}",25,0,-82.39345617691312,"{0: 19, 1: 0, 2: 3, 3: 2, 4: 1}",0
114,False,"{'a': 0.8, 'e': 0.40494662932650488}",20,0,-117.83942486984189,"{0: 15, 1: 0, 2: 2, 3: 0, 4: 3}",0
115,False,"{'a': 0.8, 'e': 0.40171998009758603}",25,18,1.128407083026377,"{0: 6, 1: 0, 2: 1, 3: 0, 4: 0}",1
116,False,"{'a': 0.8, 'e': 0.39851904108451414}",20,8,-0.06904117087771855,"{0: 11, 1: 0, 2: 0, 3: 1, 4: 0}",1
117,False,"{'a': 0.8, 'e': 0.39534360742609981}",30,8,-20.406555444031678,"{0: 20, 1: 0, 2: 1, 3: 0, 4: 1}",1
118,False,"{'a': 0.8, 'e': 0.39219347589350495}",25,6,15.78892044021438,"{0: 18, 1: 0, 2: 1, 3: 0, 4: 0}",1
119,False,"{'a': 0.8, 'e': 0.3890684448772363}",25,0,21.07998730857287,"{0: 24, 1: 0, 2: 1, 3: 0, 4: 0}",1
120,False,"{'a': 0.8, 'e': 0.38596831437424212}",25,12,-68.33139503042507,"{0: 10, 1: 1, 2: 0, 3: 0, 4: 2}",1
121,False,"{'a': 0.8, 'e': 0.38289288597511206}",20,2,29.620668244846573,"{0: 18, 1: 0, 2: 0, 3: 0, 4: 0}",1
122,False,"{'a': 0.8, 'e': 0.37984196285137872}",20,4,2.63727092574704,"{0: 14, 1: 0, 2: 2, 3: 0, 4: 0}",1
123,False,"{'a': 0.8, 'e': 0.37681534974292086}",25,0,-14.909764038462324,"{0: 22, 1: 0, 2: 1, 3: 2, 4: 0}",0
124,False,"{'a': 0.8, 'e': 0.37381285294546651}",30,19,-28.828918881433992,"{0: 9, 1: 0, 2: 0, 3: 2, 4: 0}",1
125,False,"{'a': 0.8, 'e': 0.37083428029819565}",20,14,10.94134233202318,"{0: 6, 1: 0, 2: 0, 3: 0, 4: 0}",1
126,False,"{'a': 0.8, 'e': 0.36787944117144233}",20,0,-26.61779892812005,"{0: 17, 1: 1, 2: 1, 3: 0, 4: 1}",1
127,False,"{'a': 0.8, 'e': 0.36494814645449375}",30,0,-24.47686545462588,"{0: 27, 1: 0, 2: 2, 3: 0, 4: 1}",0
128,False,"{'a': 0.8, 'e': 0.36204020854348745}",25,0,-24.786481805564232,"{0: 22, 1: 1, 2: 1, 3: 0, 4: 1}",0
129,False,"{'a': 0.8, 'e': 0.35915544132940458}",25,0,-49.09220434734607,"{0: 20, 1: 2, 2: 1, 3: 1, 4: 1}",0
130,False,"{'a': 0.8, 'e': 0.35629366018615882}",20,0,-12.193475958933547,"{0: 16, 1: 1, 2: 3, 3: 0, 4: 0}",0
131,False,"{'a': 0.8, 'e': 0.35345468195878016}",30,16,7.019611151710802,"{0: 12, 1: 1, 2: 1, 3: 0, 4: 0}",1
132,False,"{'a': 0.8, 'e': 0.35063832495169295}",30,4,20.1860034673899,"{0: 24, 1: 1, 2: 1, 3: 0, 4: 0}",1
133,False,"{'a': 0.8, 'e': 0.3478444089170874}",20,0,9.63591784301741,"{0: 19, 1: 0, 2: 0, 3: 1, 4: 0}",0
134,False,"{'a': 0.8, 'e': 0.34507275504338375}",25,3,4.046263711721412,"{0: 19, 1: 0, 2: 3, 3: 0, 4: 0}",1
135,False,"{'a': 0.8, 'e': 0.34232318594378797}",20,0,1.3262671700795567,"{0: 18, 1: 1, 2: 0, 3: 1, 4: 0}",0
136,False,"{'a': 0.8, 'e': 0.33959552564493911}",25,0,-32.97100175753331,"{0: 19, 1: 2, 2: 3, 3: 1, 4: 0}",0
137,False,"{'a': 0.8, 'e': 0.33688959957564707}",20,1,11.548907717894282,"{0: 17, 1: 1, 2: 1, 3: 0, 4: 0}",1
138,False,"{'a': 0.8, 'e': 0.33420523455571977}",30,0,-10.135553681023252,"{0: 27, 1: 1, 2: 1, 3: 0, 4: 1}",1
139,False,"{'a': 0.8, 'e': 0.3315422587848797}",25,5,-17.653360512003655,"{0: 19, 1: 0, 2: 0, 3: 0, 4: 1}",1
140,False,"{'a': 0.8, 'e': 0.3289005018317685}",30,6,-48.90993465400618,"{0: 19, 1: 0, 2: 4, 3: 0, 4: 1}",1
141,False,"{'a': 0.8, 'e': 0.32627979462303947}",20,0,-29.195241077208877,"{0: 18, 1: 1, 2: 0, 3: 0, 4: 1}",0
142,False,"{'a': 0.8, 'e': 0.32367996943253668}",25,15,13.365762864816169,"{0: 9, 1: 1, 2: 0, 3: 0, 4: 0}",1
143,False,"{'a': 0.8, 'e': 0.32110085987056064}",25,8,5.568725172339969,"{0: 15, 1: 1, 2: 1, 3: 0, 4: 0}",1
144,False,"{'a': 0.8, 'e': 0.31854230087321894}",30,0,-37.35846947017553,"{0: 25, 1: 1, 2: 3, 3: 0, 4: 1}",0
145,False,"{'a': 0.8, 'e': 0.31600412869186245}",20,4,-81.96732509086628,"{0: 12, 1: 0, 2: 2, 3: 0, 4: 2}",1
146,False,"{'a': 0.8, 'e': 0.31348618088260533}",30,0,-31.395780630039066,"{0: 25, 1: 1, 2: 2, 3: 2, 4: 0}",0
147,False,"{'a': 0.8, 'e': 0.31098829629592811}",25,15,19.267887678808076,"{0: 10, 1: 0, 2: 0, 3: 0, 4: 0}",1
148,False,"{'a': 0.8, 'e': 0.30851031506636473}",25,0,-37.41367642144377,"{0: 22, 1: 0, 2: 1, 3: 1, 4: 1}",0
149,False,"{'a': 0.8, 'e': 0.30605207860227068}",20,0,-29.4694430078219,"{0: 16, 1: 0, 2: 3, 3: 1, 4: 0}",0
150,False,"{'a': 0.8, 'e': 0.30361342957567317}",25,0,-62.72367837061852,"{0: 21, 1: 2, 2: 0, 3: 0, 4: 2}",0
151,False,"{'a': 0.8, 'e': 0.30119421191220214}",25,13,22.191605260582406,"{0: 12, 1: 0, 2: 0, 3: 0, 4: 0}",1
152,False,"{'a': 0.8, 'e': 0.29879427078110127}",25,13,-19.482849602461847,"{0: 11, 1: 0, 2: 0, 3: 0, 4: 1}",1
153,False,"{'a': 0.8, 'e': 0.29641345258531909}",25,9,-42.01429428049697,"{0: 12, 1: 1, 2: 2, 3: 0, 4: 1}",1
154,False,"{'a': 0.8, 'e': 0.29405160495167837}",25,0,16.03147262853421,"{0: 23, 1: 0, 2: 2, 3: 0, 4: 0}",1
155,False,"{'a': 0.8, 'e': 0.29170857672112438}",20,9,-1.6067940054599923,"{0: 9, 1: 0, 2: 2, 3: 0, 4: 0}",1
156,False,"{'a': 0.8, 'e': 0.28938421793905061}",25,0,-32.5255468979564,"{0: 20, 1: 0, 2: 4, 3: 1, 4: 0}",0
157,False,"{'a': 0.8, 'e': 0.28707837984570167}",20,15,5.909852179454873,"{0: 5, 1: 0, 2: 0, 3: 0, 4: 0}",1
158,False,"{'a': 0.8, 'e': 0.28479091486665248}",20,0,-23.37456175035077,"{0: 18, 1: 0, 2: 1, 3: 0, 4: 1}",0
159,False,"{'a': 0.8, 'e': 0.28252167660336358}",25,0,-24.620291262569538,"{0: 22, 1: 1, 2: 1, 3: 0, 4: 1}",0
160,False,"{'a': 0.8, 'e': 0.28027051982381157}",20,16,9.21614285256407,"{0: 4, 1: 0, 2: 0, 3: 0, 4: 0}",1
161,False,"{'a': 0.8, 'e': 0.27803730045319414}",30,22,15.422788494842964,"{0: 8, 1: 0, 2: 0, 3: 0, 4: 0}",1
162,False,"{'a': 0.8, 'e': 0.27582187556470933}",25,0,-2.9889005281253,"{0: 22, 1: 0, 2: 3, 3: 0, 4: 0}",0
163,False,"{'a': 0.8, 'e': 0.27362410337040804}",30,0,-36.605962866522034,"{0: 26, 1: 1, 2: 1, 3: 1, 4: 1}",1
164,False,"{'a': 0.8, 'e': 0.27144384321211973}",25,5,5.63817137090218,"{0: 18, 1: 0, 2: 2, 3: 0, 4: 0}",1
165,False,"{'a': 0.8, 'e': 0.26928095555244996}",25,10,-50.18654160678511,"{0: 11, 1: 1, 2: 2, 3: 0, 4: 1}",1
166,False,"{'a': 0.8, 'e': 0.26713530196585034}",25,0,-19.85234780010391,"{0: 23, 1: 0, 2: 1, 3: 0, 4: 1}",0
167,False,"{'a': 0.8, 'e': 0.26500674512975891}",20,0,-91.50049395895277,"{0: 16, 1: 0, 2: 1, 3: 1, 4: 2}",0
168,False,"{'a': 0.8, 'e': 0.26289514881581166}",20,4,-61.90355677524451,"{0: 12, 1: 0, 2: 2, 3: 1, 4: 1}",1
169,False,"{'a': 0.8, 'e': 0.26080037788112365}",25,15,-22.917132929748057,"{0: 9, 1: 0, 2: 0, 3: 0, 4: 1}",1
170,False,"{'a': 0.8, 'e': 0.25872229825964005}",25,0,-34.99233800448185,"{0: 22, 1: 0, 2: 2, 3: 0, 4: 1}",0
171,False,"{'a': 0.8, 'e': 0.25666077695355588}",30,0,-82.09027863650911,"{0: 24, 1: 0, 2: 4, 3: 0, 4: 2}",0
172,False,"{'a': 0.8, 'e': 0.25461568202480372}",25,15,3.115444755720506,"{0: 9, 1: 0, 2: 1, 3: 0, 4: 0}",1
173,False,"{'a': 0.8, 'e': 0.25258688258661022}",35,0,-13.275215948611672,"{0: 30, 1: 1, 2: 3, 3: 1, 4: 0}",1
174,False,"{'a': 0.8, 'e': 0.25057424879511875}",30,6,-28.468017608632977,"{0: 21, 1: 1, 2: 0, 3: 1, 4: 1}",1
175,False,"{'a': 0.8, 'e': 0.24857765184107966}",25,16,11.914359437149942,"{0: 9, 1: 0, 2: 0, 3: 0, 4: 0}",1
176,False,"{'a': 0.8, 'e': 0.24659696394160643}",20,2,-56.03540440934342,"{0: 16, 1: 0, 2: 0, 3: 0, 4: 2}",1
177,False,"{'a': 0.8, 'e': 0.2446320583319975}",20,0,-66.1947498166932,"{0: 15, 1: 1, 2: 2, 3: 1, 4: 1}",0
178,False,"{'a': 0.8, 'e': 0.24268280925762298}",20,0,-30.025474097491745,"{0: 17, 1: 1, 2: 1, 3: 0, 4: 1}",0
179,False,"{'a': 0.8, 'e': 0.24074909196587688}",20,0,1.9891767561125004,"{0: 18, 1: 0, 2: 2, 3: 0, 4: 0}",0
180,False,"{'a': 0.8, 'e': 0.23883078269819244}",20,0,13.700854510871572,"{0: 18, 1: 1, 2: 1, 3: 0, 4: 0}",0
181,False,"{'a': 0.8, 'e': 0.23692775868212176}",25,10,-20.720694664177167,"{0: 13, 1: 1, 2: 0, 3: 0, 4: 1}",1
182,False,"{'a': 0.8, 'e': 0.23503989812347828}",30,23,1.2509469210596285,"{0: 6, 1: 0, 2: 1, 3: 0, 4: 0}",1
183,False,"{'a': 0.8, 'e': 0.23316708019854179}",35,6,6.986564464227083,"{0: 25, 1: 2, 2: 2, 3: 0, 4: 0}",1
184,False,"{'a': 0.8, 'e': 0.23130918504632592}",25,12,11.230407767403378,"{0: 12, 1: 0, 2: 1, 3: 0, 4: 0}",1
185,False,"{'a': 0.8, 'e': 0.22946609376090668}",25,19,10.616842433106996,"{0: 6, 1: 0, 2: 0, 3: 0, 4: 0}",1
186,False,"{'a': 0.8, 'e': 0.22763768838381274}",20,2,17.247880005048586,"{0: 17, 1: 0, 2: 1, 3: 0, 4: 0}",1
187,False,"{'a': 0.8, 'e': 0.22582385189647586}",25,14,19.25232099276542,"{0: 11, 1: 0, 2: 0, 3: 0, 4: 0}",1
188,False,"{'a': 0.8, 'e': 0.22402446821274175}",20,10,-18.295895389962904,"{0: 7, 1: 0, 2: 3, 3: 0, 4: 0}",1
189,False,"{'a': 0.8, 'e': 0.22223942217144041}",20,15,8.072680415266177,"{0: 5, 1: 0, 2: 0, 3: 0, 4: 0}",1
190,False,"{'a': 0.8, 'e': 0.22046859952901593}",25,13,9.954831156258384,"{0: 11, 1: 0, 2: 1, 3: 0, 4: 0}",1
191,False,"{'a': 0.8, 'e': 0.21871188695221475}",20,13,-29.02186300950239,"{0: 6, 1: 0, 2: 0, 3: 0, 4: 1}",1
192,False,"{'a': 0.8, 'e': 0.21696917201083235}",20,0,18.260388661907097,"{0: 19, 1: 0, 2: 1, 3: 0, 4: 0}",0
193,False,"{'a': 0.8, 'e': 0.21524034317051757}",20,9,11.351677428782127,"{0: 10, 1: 1, 2: 0, 3: 0, 4: 0}",1
194,False,"{'a': 0.8, 'e': 0.21352528978563459}",30,17,-17.80852886031902,"{0: 12, 1: 0, 2: 0, 3: 0, 4: 1}",1
195,False,"{'a': 0.8, 'e': 0.21182390209218135}",20,13,11.59845927868345,"{0: 7, 1: 0, 2: 0, 3: 0, 4: 0}",1
196,False,"{'a': 0.8, 'e': 0.21013607120076472}",30,13,24.912411710598988,"{0: 16, 1: 1, 2: 0, 3: 0, 4: 0}",1
197,False,"{'a': 0.8, 'e': 0.20846168908963153}",25,0,30.277160810031567,"{0: 24, 1: 0, 2: 1, 3: 0, 4: 0}",0
198,False,"{'a': 0.8, 'e': 0.20680064859775515}",25,9,7.330043343459742,"{0: 14, 1: 1, 2: 1, 3: 0, 4: 0}",1
199,False,"{'a': 0.8, 'e': 0.20515284341797715}",25,0,-45.51396069941411,"{0: 20, 1: 1, 2: 3, 3: 0, 4: 1}",0
200,False,"{'a': 0.8, 'e': 0.20351816809020354}",30,11,7.979094619735081,"{0: 17, 1: 0, 2: 2, 3: 0, 4: 0}",1
201,False,"{'a': 0.8, 'e': 0.20189651799465538}",20,0,20.902255231963977,"{0: 19, 1: 1, 2: 0, 3: 0, 4: 0}",0
202,False,"{'a': 0.8, 'e': 0.20028778934517305}",20,4,12.62648603324823,"{0: 15, 1: 0, 2: 1, 3: 0, 4: 0}",1
203,False,"{'a': 0.8, 'e': 0.19869187918257386}",25,19,-32.198145000347886,"{0: 5, 1: 0, 2: 0, 3: 0, 4: 1}",1
204,False,"{'a': 0.8, 'e': 0.19710868536806264}",25,1,-26.189994419380167,"{0: 21, 1: 0, 2: 2, 3: 0, 4: 1}",1
205,False,"{'a': 0.8, 'e': 0.1955381065766949}",25,3,19.0490904937519,"{0: 20, 1: 2, 2: 0, 3: 0, 4: 0}",1
206,False,"{'a': 0.8, 'e': 0.19398004229089189}",25,15,-19.94749259811404,"{0: 9, 1: 0, 2: 0, 3: 0, 4: 1}",1
207,False,"{'a': 0.8, 'e': 0.19243439279400748}",25,19,12.043935048870274,"{0: 6, 1: 0, 2: 0, 3: 0, 4: 0}",1
208,False,"{'a': 0.8, 'e': 0.19090105916394629}",25,9,16.517693857444527,"{0: 15, 1: 1, 2: 0, 3: 0, 4: 0}",1
209,False,"{'a': 0.8, 'e': 0.18937994326683263}",20,6,18.27995539193879,"{0: 13, 1: 0, 2: 1, 3: 0, 4: 0}",1
210,False,"{'a': 0.8, 'e': 0.18787094775072993}",35,6,-58.2152998769617,"{0: 25, 1: 0, 2: 2, 3: 0, 4: 2}",1
211,False,"{'a': 0.8, 'e': 0.18637397603940997}",30,14,6.962116310877884,"{0: 14, 1: 0, 2: 2, 3: 0, 4: 0}",1
212,False,"{'a': 0.8, 'e': 0.18488893232617234}",20,0,4.286612840680147,"{0: 17, 1: 3, 2: 0, 3: 0, 4: 0}",0
213,False,"{'a': 0.8, 'e': 0.18341572156771246}",25,10,2.7246765509702904,"{0: 14, 1: 0, 2: 0, 3: 1, 4: 0}",1
214,False,"{'a': 0.8, 'e': 0.18195424947803895}",20,11,4.227467212924684,"{0: 8, 1: 0, 2: 1, 3: 0, 4: 0}",1
215,False,"{'a': 0.8, 'e': 0.18050442252243923}",20,15,10.211191540066887,"{0: 5, 1: 0, 2: 0, 3: 0, 4: 0}",1
216,False,"{'a': 0.8, 'e': 0.17906614791149322}",30,9,25.022515864883626,"{0: 20, 1: 0, 2: 1, 3: 0, 4: 0}",1
217,False,"{'a': 0.8, 'e': 0.17763933359513495}",25,1,-25.76764822811713,"{0: 22, 1: 0, 2: 1, 3: 0, 4: 1}",1
218,False,"{'a': 0.8, 'e': 0.17622388825676111}",35,7,33.11972896604579,"{0: 27, 1: 1, 2: 0, 3: 0, 4: 0}",1
219,False,"{'a': 0.8, 'e': 0.17481972130738693}",25,0,32.44247987129999,"{0: 25, 1: 0, 2: 0, 3: 0, 4: 0}",0
220,False,"{'a': 0.8, 'e': 0.17342674287984836}",30,7,16.682412066348018,"{0: 21, 1: 1, 2: 1, 3: 0, 4: 0}",1
221,False,"{'a': 0.8, 'e': 0.17204486382305054}",20,6,21.049128957691686,"{0: 14, 1: 0, 2: 0, 3: 0, 4: 0}",1
222,False,"{'a': 0.8, 'e': 0.17067399569626215}",25,0,-66.06361104173136,"{0: 21, 1: 0, 2: 2, 3: 0, 4: 2}",0
223,False,"{'a': 0.8, 'e': 0.16931405076345518}",30,17,11.854741786749571,"{0: 12, 1: 1, 2: 0, 3: 0, 4: 0}",1
224,False,"{'a': 0.8, 'e': 0.16796494198768974}",30,10,26.504226108238907,"{0: 20, 1: 0, 2: 0, 3: 0, 4: 0}",1
225,False,"{'a': 0.8, 'e': 0.16662658302554365}",20,4,-67.66321557400671,"{0: 12, 1: 1, 2: 0, 3: 2, 4: 1}",1
226,False,"{'a': 0.8, 'e': 0.16529888822158653}",35,23,2.911048646055126,"{0: 11, 1: 0, 2: 0, 3: 1, 4: 0}",1
227,False,"{'a': 0.8, 'e': 0.16398177260289773}",25,4,-59.80847604197119,"{0: 18, 1: 1, 2: 0, 3: 0, 4: 2}",1
228,False,"{'a': 0.8, 'e': 0.16267515187362808}",30,21,17.559732338866233,"{0: 9, 1: 0, 2: 0, 3: 0, 4: 0}",1
229,False,"{'a': 0.8, 'e': 0.16137894240960493}",30,0,42.185116243646135,"{0: 30, 1: 0, 2: 0, 3: 0, 4: 0}",0
230,False,"{'a': 0.8, 'e': 0.16009306125298009}",25,0,15.306877942739673,"{0: 23, 1: 0, 2: 2, 3: 0, 4: 0}",0
231,False,"{'a': 0.8, 'e': 0.15881742610692068}",25,5,-7.093622497385174,"{0: 19, 1: 0, 2: 0, 3: 0, 4: 1}",1
232,False,"{'a': 0.8, 'e': 0.15755195533034191}",20,0,13.629157428673897,"{0: 19, 1: 0, 2: 1, 3: 0, 4: 0}",0
233,False,"{'a': 0.8, 'e': 0.15629656793268212}",30,13,21.740688642316154,"{0: 16, 1: 0, 2: 1, 3: 0, 4: 0}",1
234,False,"{'a': 0.8, 'e': 0.15505118356871936}",35,0,37.591828764872005,"{0: 34, 1: 0, 2: 1, 3: 0, 4: 0}",0
235,False,"{'a': 0.8, 'e': 0.15381572253342926}",30,17,24.475212947846046,"{0: 13, 1: 0, 2: 0, 3: 0, 4: 0}",1
236,False,"{'a': 0.8, 'e': 0.15259010575688386}",20,12,16.407855381423516,"{0: 8, 1: 0, 2: 0, 3: 0, 4: 0}",1
237,False,"{'a': 0.8, 'e': 0.15137425479919109}",20,0,2.3150883622647793,"{0: 17, 1: 1, 2: 2, 3: 0, 4: 0}",0
238,False,"{'a': 0.8, 'e': 0.15016809184547464}",30,12,-12.96204361575513,"{0: 15, 1: 1, 2: 1, 3: 1, 4: 0}",1
239,False,"{'a': 0.8, 'e': 0.1489715397008938}",25,18,12.61623455484224,"{0: 7, 1: 0, 2: 0, 3: 0, 4: 0}",1
240,False,"{'a': 0.8, 'e': 0.14778452178570287}",25,13,23.37030544956264,"{0: 12, 1: 0, 2: 0, 3: 0, 4: 0}",1
241,False,"{'a': 0.8, 'e': 0.14660696213035015}",30,14,29.192762810672324,"{0: 16, 1: 0, 2: 0, 3: 0, 4: 0}",1
242,False,"{'a': 0.8, 'e': 0.14543878537061569}",25,19,5.075682671070448,"{0: 5, 1: 1, 2: 0, 3: 0, 4: 0}",1
243,False,"{'a': 0.8, 'e': 0.14427991674278817}",25,0,11.517548726619985,"{0: 23, 1: 0, 2: 2, 3: 0, 4: 0}",0
244,False,"{'a': 0.8, 'e': 0.14313028207887982}",30,1,18.661501818342874,"{0: 27, 1: 1, 2: 0, 3: 1, 4: 0}",1
245,False,"{'a': 0.8, 'e': 0.14198980780187978}",25,19,11.036058489559327,"{0: 6, 1: 0, 2: 0, 3: 0, 4: 0}",1
246,False,"{'a': 0.8, 'e': 0.140858420921045}",20,0,20.647894888120604,"{0: 19, 1: 0, 2: 1, 3: 0, 4: 0}",0
247,False,"{'a': 0.8, 'e': 0.13973604902722894}",20,10,16.30598292883116,"{0: 10, 1: 0, 2: 0, 3: 0, 4: 0}",1
248,False,"{'a': 0.8, 'e': 0.13862262028824732}",30,16,12.12243844346851,"{0: 13, 1: 0, 2: 1, 3: 0, 4: 0}",1
249,False,"{'a': 0.8, 'e': 0.13751806344428075}",20,8,-0.3551582804692548,"{0: 10, 1: 0, 2: 2, 3: 0, 4: 0}",1
250,False,"{'a': 0.8, 'e': 0.13642230780331424}",20,15,10.107417687220877,"{0: 5, 1: 0, 2: 0, 3: 0, 4: 0}",1
251,False,"{'a': 0.8, 'e': 0.1353352832366127}",20,0,17.90273502427753,"{0: 19, 1: 0, 2: 1, 3: 0, 4: 0}",0
252,False,"{'a': 0.8, 'e': 0.13425692017423285}",20,0,6.760998839260238,"{0: 18, 1: 0, 2: 2, 3: 0, 4: 0}",0
253,False,"{'a': 0.8, 'e': 0.1331871496005706}",20,10,-5.495970608640587,"{0: 9, 1: 0, 2: 0, 3: 1, 4: 0}",1
254,False,"{'a': 0.8, 'e': 0.13212590304994409}",25,10,26.795030375409603,"{0: 15, 1: 0, 2: 0, 3: 0, 4: 0}",1
255,False,"{'a': 0.8, 'e': 0.13107311260221188}",20,0,-19.653707396419865,"{0: 18, 1: 0, 2: 1, 3: 0, 4: 1}",0
256,False,"{'a': 0.8, 'e': 0.13002871087842591}",25,8,-14.965139570315676,"{0: 16, 1: 0, 2: 0, 3: 0, 4: 1}",1
257,False,"{'a': 0.8, 'e': 0.1289926310365194}",20,15,9.994673132646252,"{0: 5, 1: 0, 2: 0, 3: 0, 4: 0}",1
258,False,"{'a': 0.8, 'e': 0.12796480676702879}",20,3,-64.46625085635415,"{0: 14, 1: 0, 2: 1, 3: 0, 4: 2}",1
259,False,"{'a': 0.8, 'e': 0.12694517228885002}",20,2,18.985999725771233,"{0: 17, 1: 1, 2: 0, 3: 0, 4: 0}",1
260,False,"{'a': 0.8, 'e': 0.12593366234502845}",20,12,2.662089966781243,"{0: 7, 1: 0, 2: 1, 3: 0, 4: 0}",1
261,False,"{'a': 0.8, 'e': 0.12493021219858241}",25,12,24.547773909728548,"{0: 13, 1: 0, 2: 0, 3: 0, 4: 0}",1
262,False,"{'a': 0.8, 'e': 0.12393475762836002}",25,16,9.235540713679702,"{0: 8, 1: 1, 2: 0, 3: 0, 4: 0}",1
263,False,"{'a': 0.8, 'e': 0.122947234924929}",20,0,-37.2709438162546,"{0: 17, 1: 1, 2: 0, 3: 1, 4: 1}",0
264,False,"{'a': 0.8, 'e': 0.12196758088649925}",25,0,-25.55006065239109,"{0: 22, 1: 0, 2: 2, 3: 0, 4: 1}",0
265,False,"{'a': 0.8, 'e': 0.12099573281487792}",25,8,30.422036912572523,"{0: 17, 1: 0, 2: 0, 3: 0, 4: 0}",1
266,False,"{'a': 0.8, 'e': 0.12003162851145673}",30,5,34.829005883074245,"{0: 24, 1: 1, 2: 0, 3: 0, 4: 0}",1
267,False,"{'a': 0.8, 'e': 0.11907520627323114}",25,11,13.170200085097598,"{0: 13, 1: 0, 2: 1, 3: 0, 4: 0}",1
268,False,"{'a': 0.8, 'e': 0.11812640488885146}",25,0,-12.71994195237085,"{0: 23, 1: 0, 2: 1, 3: 0, 4: 1}",1
269,False,"{'a': 0.8, 'e': 0.11718516363470523}",25,2,10.389054047534188,"{0: 21, 1: 0, 2: 2, 3: 0, 4: 0}",1
270,False,"{'a': 0.8, 'e': 0.11625142227103091}",20,8,11.537131225714107,"{0: 11, 1: 1, 2: 0, 3: 0, 4: 0}",1
271,False,"{'a': 0.8, 'e': 0.11532512103806251}",30,0,38.18060371701161,"{0: 30, 1: 0, 2: 0, 3: 0, 4: 0}",0
272,False,"{'a': 0.8, 'e': 0.11440620065220493}",25,16,5.014723204542471,"{0: 8, 1: 0, 2: 1, 3: 0, 4: 0}",1
273,False,"{'a': 0.8, 'e': 0.11349460230223983}",20,12,14.047475246101058,"{0: 8, 1: 0, 2: 0, 3: 0, 4: 0}",1
274,False,"{'a': 0.8, 'e': 0.11259026764556165}",25,20,9.36366480475785,"{0: 5, 1: 0, 2: 0, 3: 0, 4: 0}",1
275,False,"{'a': 0.8, 'e': 0.11169313880444368}",20,10,9.196410441383362,"{0: 9, 1: 1, 2: 0, 3: 0, 4: 0}",1
276,False,"{'a': 0.8, 'e': 0.11080315836233387}",30,19,16.59685402334742,"{0: 11, 1: 0, 2: 0, 3: 0, 4: 0}",1
277,False,"{'a': 0.8, 'e': 0.10992026936018012}",20,7,26.471883462724403,"{0: 13, 1: 0, 2: 0, 3: 0, 4: 0}",1
278,False,"{'a': 0.8, 'e': 0.10904441529278498}",20,13,13.736799358900843,"{0: 7, 1: 0, 2: 0, 3: 0, 4: 0}",1
279,False,"{'a': 0.8, 'e': 0.10817554010518914}",20,5,20.957017311949972,"{0: 15, 1: 0, 2: 0, 3: 0, 4: 0}",1
280,False,"{'a': 0.8, 'e': 0.10731358818908403}",30,10,21.791524973044716,"{0: 19, 1: 1, 2: 0, 3: 0, 4: 0}",1
281,False,"{'a': 0.8, 'e': 0.10645850437925281}",25,14,-3.549899748928503,"{0: 10, 1: 0, 2: 0, 3: 1, 4: 0}",1
282,False,"{'a': 0.8, 'e': 0.10561023395003975}",20,3,27.309911832833006,"{0: 17, 1: 0, 2: 0, 3: 0, 4: 0}",1
283,False,"{'a': 0.8, 'e': 0.10476872261184789}",20,5,14.458915957597439,"{0: 14, 1: 0, 2: 1, 3: 0, 4: 0}",1
284,False,"{'a': 0.8, 'e': 0.10393391650766431}",20,6,22.834134453346376,"{0: 14, 1: 0, 2: 0, 3: 0, 4: 0}",1
285,False,"{'a': 0.8, 'e': 0.10310576220961341}",20,3,15.590813648854166,"{0: 16, 1: 0, 2: 1, 3: 0, 4: 0}",1
286,False,"{'a': 0.8, 'e': 0.10228420671553744}",20,14,9.326946613098125,"{0: 6, 1: 0, 2: 0, 3: 0, 4: 0}",1
287,False,"{'a': 0.8, 'e': 0.10146919744560434}",20,11,14.798978470678648,"{0: 9, 1: 0, 2: 0, 3: 0, 4: 0}",1
288,False,"{'a': 0.8, 'e': 0.10066068223894266}",25,15,-4.653094927849692,"{0: 9, 1: 0, 2: 0, 3: 1, 4: 0}",1
289,False,"{'a': 0.8, 'e': 0.099858609350303176}",20,12,15.673831660523298,"{0: 8, 1: 0, 2: 0, 3: 0, 4: 0}",1
290,False,"{'a': 0.8, 'e': 0.099062927446747315}",20,0,16.690525732529967,"{0: 19, 1: 0, 2: 1, 3: 0, 4: 0}",0
291,False,"{'a': 0.8, 'e': 0.098273585604361544}",20,0,30.841314412909483,"{0: 20, 1: 0, 2: 0, 3: 0, 4: 0}",0
292,False,"{'a': 0.8, 'e': 0.097490533304998586}",30,13,11.049411891318377,"{0: 15, 1: 1, 2: 1, 3: 0, 4: 0}",1
293,False,"{'a': 0.8, 'e': 0.096713720433043979}",30,14,-12.507664466434694,"{0: 15, 1: 0, 2: 0, 3: 0, 4: 1}",1
294,False,"{'a': 0.8, 'e': 0.095943097272208774}",25,17,-38.387716671537085,"{0: 6, 1: 0, 2: 1, 3: 0, 4: 1}",1
295,False,"{'a': 0.8, 'e': 0.09517861450234763}",30,14,-16.536378070273447,"{0: 15, 1: 0, 2: 0, 3: 0, 4: 1}",1
296,False,"{'a': 0.8, 'e': 0.094420223196302347}",30,0,42.31542810920816,"{0: 30, 1: 0, 2: 0, 3: 0, 4: 0}",0
297,False,"{'a': 0.8, 'e': 0.093667874816770469}",25,18,13.203686126487803,"{0: 7, 1: 0, 2: 0, 3: 0, 4: 0}",1
298,False,"{'a': 0.8, 'e': 0.092921521213198896}",25,14,17.712187036234003,"{0: 11, 1: 0, 2: 0, 3: 0, 4: 0}",1
299,False,"{'a': 0.8, 'e': 0.092181114618702251}",20,12,12.682108931105635,"{0: 8, 1: 0, 2: 0, 3: 0, 4: 0}",1
300,False,"{'a': 0.8, 'e': 0.091446607647005754}",20,8,21.335810329134237,"{0: 12, 1: 0, 2: 0, 3: 0, 4: 0}",1
301,False,"{'a': 0.8, 'e': 0.090717953289412512}",20,0,-21.51477218472537,"{0: 18, 1: 0, 2: 1, 3: 0, 4: 1}",0
302,False,"{'a': 0.8, 'e': 0.08999510491179491}",20,3,34.283858724508605,"{0: 17, 1: 0, 2: 0, 3: 0, 4: 0}",1
303,False,"{'a': 0.8, 'e': 0.089278016251610068}",20,2,27.736379198715294,"{0: 18, 1: 0, 2: 0, 3: 0, 4: 0}",1
304,False,"{'a': 0.8, 'e': 0.08856664141493896}",20,5,11.036884752629025,"{0: 14, 1: 0, 2: 1, 3: 0, 4: 0}",1
305,False,"{'a': 0.8, 'e': 0.087860934873549207}",20,2,25.328372528143014,"{0: 17, 1: 0, 2: 1, 3: 0, 4: 0}",1
306,False,"{'a': 0.8, 'e': 0.087160851461981298}",20,16,7.097979428760296,"{0: 4, 1: 0, 2: 0, 3: 0, 4: 0}",1
307,False,"{'a': 0.8, 'e': 0.086466346374657915}",25,0,36.79006774290294,"{0: 25, 1: 0, 2: 0, 3: 0, 4: 0}",0
308,False,"{'a': 0.8, 'e': 0.085777375163016437}",35,0,16.060958698684352,"{0: 33, 1: 0, 2: 1, 3: 1, 4: 0}",0
309,False,"{'a': 0.8, 'e': 0.085093893732664114}",20,16,8.081211240301954,"{0: 4, 1: 0, 2: 0, 3: 0, 4: 0}",1
310,False,"{'a': 0.8, 'e': 0.084415858340556135}",25,14,-0.2034455602559695,"{0: 9, 1: 0, 2: 2, 3: 0, 4: 0}",1
311,False,"{'a': 0.8, 'e': 0.083743225592195963}",20,9,9.423273990886807,"{0: 10, 1: 0, 2: 1, 3: 0, 4: 0}",1
312,False,"{'a': 0.8, 'e': 0.083075952438858097}",30,0,12.117613406552481,"{0: 28, 1: 0, 2: 1, 3: 1, 4: 0}",0
313,False,"{'a': 0.8, 'e': 0.082413996174832971}",20,11,18.056045610554364,"{0: 9, 1: 0, 2: 0, 3: 0, 4: 0}",1
314,False,"{'a': 0.8, 'e': 0.081757314434693751}",20,8,22.098456294119075,"{0: 12, 1: 0, 2: 0, 3: 0, 4: 0}",1
315,False,"{'a': 0.8, 'e': 0.081105865190584894}",20,6,10.339718357232996,"{0: 12, 1: 2, 2: 0, 3: 0, 4: 0}",1
316,False,"{'a': 0.8, 'e': 0.080459606749532439}",20,15,8.483349791029156,"{0: 5, 1: 0, 2: 0, 3: 0, 4: 0}",1
317,False,"{'a': 0.8, 'e': 0.079818497750775541}",20,2,29.495665081065574,"{0: 18, 1: 0, 2: 0, 3: 0, 4: 0}",1
318,False,"{'a': 0.8, 'e': 0.079182497163119481}",25,8,29.52382330168204,"{0: 17, 1: 0, 2: 0, 3: 0, 4: 0}",1
319,False,"{'a': 0.8, 'e': 0.078551564282309541}",30,16,22.22762702873659,"{0: 14, 1: 0, 2: 0, 3: 0, 4: 0}",1
320,False,"{'a': 0.8, 'e': 0.077925658728425995}",20,15,10.390162825337455,"{0: 5, 1: 0, 2: 0, 3: 0, 4: 0}",1
321,False,"{'a': 0.8, 'e': 0.077304740443299741}",25,11,27.211269829896654,"{0: 14, 1: 0, 2: 0, 3: 0, 4: 0}",1
322,False,"{'a': 0.8, 'e': 0.076688769687948605}",30,0,-44.76954433651886,"{0: 27, 1: 0, 2: 1, 3: 0, 4: 2}",0
323,False,"{'a': 0.8, 'e': 0.076077707040033984}",20,6,4.915240201787856,"{0: 12, 1: 1, 2: 1, 3: 0, 4: 0}",1
324,False,"{'a': 0.8, 'e': 0.075471513391337841}",25,17,5.764344778838629,"{0: 7, 1: 0, 2: 1, 3: 0, 4: 0}",1
325,False,"{'a': 0.8, 'e': 0.074870149945259742}",30,4,45.237126316403476,"{0: 26, 1: 0, 2: 0, 3: 0, 4: 0}",1
326,False,"{'a': 0.8, 'e': 0.074273578214333877}",20,9,20.831426736951798,"{0: 11, 1: 0, 2: 0, 3: 0, 4: 0}",1
327,False,"{'a': 0.8, 'e': 0.073681760017765829}",20,6,30.237303778361348,"{0: 14, 1: 0, 2: 0, 3: 0, 4: 0}",1
328,False,"{'a': 0.8, 'e': 0.073094657478989009}",20,10,20.81227485116218,"{0: 10, 1: 0, 2: 0, 3: 0, 4: 0}",1
329,False,"{'a': 0.8, 'e': 0.07251223302324053}",30,7,-5.354903141916688,"{0: 21, 1: 0, 2: 0, 3: 2, 4: 0}",1
330,False,"{'a': 0.8, 'e': 0.071934449375156445}",20,5,29.688330017584068,"{0: 15, 1: 0, 2: 0, 3: 0, 4: 0}",1
331,False,"{'a': 0.8, 'e': 0.071361269556386053}",20,6,29.61526429529782,"{0: 14, 1: 0, 2: 0, 3: 0, 4: 0}",1
332,False,"{'a': 0.8, 'e': 0.070792656883225294}",20,12,13.615577228897589,"{0: 8, 1: 0, 2: 0, 3: 0, 4: 0}",1
333,False,"{'a': 0.8, 'e': 0.070228574964269014}",20,14,9.907787495271938,"{0: 6, 1: 0, 2: 0, 3: 0, 4: 0}",1
334,False,"{'a': 0.8, 'e': 0.069668987698081844}",20,12,15.122098024900474,"{0: 8, 1: 0, 2: 0, 3: 0, 4: 0}",1
335,False,"{'a': 0.8, 'e': 0.069113859270887743}",20,3,26.163432851005442,"{0: 17, 1: 0, 2: 0, 3: 0, 4: 0}",1
336,False,"{'a': 0.8, 'e': 0.068563154154277911}",20,16,8.595812752561967,"{0: 4, 1: 0, 2: 0, 3: 0, 4: 0}",1
337,False,"{'a': 0.8, 'e': 0.068016837102936878}",25,12,21.312077363859594,"{0: 13, 1: 0, 2: 0, 3: 0, 4: 0}",1
338,False,"{'a': 0.8, 'e': 0.067474873152386899}",20,5,13.570755209382243,"{0: 14, 1: 0, 2: 1, 3: 0, 4: 0}",1
339,False,"{'a': 0.8, 'e': 0.066937227616750153}",20,0,14.837994627017858,"{0: 19, 1: 1, 2: 0, 3: 0, 4: 0}",0
340,False,"{'a': 0.8, 'e': 0.066403866086528832}",20,0,27.183052166183572,"{0: 20, 1: 0, 2: 0, 3: 0, 4: 0}",0
341,False,"{'a': 0.8, 'e': 0.065874754426402948}",25,0,12.372033646875618,"{0: 22, 1: 2, 2: 1, 3: 0, 4: 0}",0
342,False,"{'a': 0.8, 'e': 0.065349858773045652}",25,17,14.484379977495378,"{0: 8, 1: 0, 2: 0, 3: 0, 4: 0}",1
343,False,"{'a': 0.8, 'e': 0.064829145532955962}",25,15,18.939405340727365,"{0: 10, 1: 0, 2: 0, 3: 0, 4: 0}",1
344,False,"{'a': 0.8, 'e': 0.064312581380308778}",25,12,4.325109237322637,"{0: 12, 1: 0, 2: 0, 3: 1, 4: 0}",1
345,False,"{'a': 0.8, 'e': 0.063800133254822006}",20,0,27.820643958430974,"{0: 20, 1: 0, 2: 0, 3: 0, 4: 0}",1
346,False,"{'a': 0.8, 'e': 0.063291768359640704}",20,6,0.6018898439564098,"{0: 13, 1: 0, 2: 0, 3: 1, 4: 0}",1
347,False,"{'a': 0.8, 'e': 0.06278745415923806}",25,12,22.061628877607674,"{0: 13, 1: 0, 2: 0, 3: 0, 4: 0}",1
348,False,"{'a': 0.8, 'e': 0.062287158377333098}",20,9,20.389166315317837,"{0: 11, 1: 0, 2: 0, 3: 0, 4: 0}",1
349,False,"{'a': 0.8, 'e': 0.061790848994825016}",30,15,25.46574726499845,"{0: 15, 1: 0, 2: 0, 3: 0, 4: 0}",1
350,False,"{'a': 0.8, 'e': 0.061298494247743925}",25,17,16.67137431581994,"{0: 8, 1: 0, 2: 0, 3: 0, 4: 0}",1
351,False,"{'a': 0.8, 'e': 0.060810062625217952}",25,0,29.90724345362036,"{0: 25, 1: 0, 2: 0, 3: 0, 4: 0}",0
352,False,"{'a': 0.8, 'e': 0.060325522867456537}",20,0,30.908196730247084,"{0: 20, 1: 0, 2: 0, 3: 0, 4: 0}",0
353,False,"{'a': 0.8, 'e': 0.059844843963749825}",25,18,13.466797278307453,"{0: 7, 1: 0, 2: 0, 3: 0, 4: 0}",1
354,False,"{'a': 0.8, 'e': 0.059367995150483847}",20,8,11.640008619696067,"{0: 11, 1: 0, 2: 1, 3: 0, 4: 0}",1
355,False,"{'a': 0.8, 'e': 0.058894945909171818}",20,9,8.77886541301108,"{0: 10, 1: 1, 2: 0, 3: 0, 4: 0}",1
356,False,"{'a': 0.8, 'e': 0.058425665964500828}",25,19,10.272805657871228,"{0: 6, 1: 0, 2: 0, 3: 0, 4: 0}",1
357,False,"{'a': 0.8, 'e': 0.057960125282394234}",30,20,17.39450586183147,"{0: 10, 1: 0, 2: 0, 3: 0, 4: 0}",1
358,False,"{'a': 0.8, 'e': 0.057498294068089484}",20,10,7.0244000702497,"{0: 9, 1: 0, 2: 1, 3: 0, 4: 0}",1
359,False,"{'a': 0.8, 'e': 0.057040142764231215}",25,20,11.750870466042421,"{0: 5, 1: 0, 2: 0, 3: 0, 4: 0}",1
360,False,"{'a': 0.8, 'e': 0.056585642048979604}",20,14,11.65005883376266,"{0: 6, 1: 0, 2: 0, 3: 0, 4: 0}",1
361,False,"{'a': 0.8, 'e': 0.056134762834133725}",25,20,6.662260957196009,"{0: 5, 1: 0, 2: 0, 3: 0, 4: 0}",1
362,False,"{'a': 0.8, 'e': 0.055687476263269947}",25,13,21.669784453295975,"{0: 12, 1: 0, 2: 0, 3: 0, 4: 0}",1
363,False,"{'a': 0.8, 'e': 0.055243753709895045}",30,18,23.028736221890078,"{0: 12, 1: 0, 2: 0, 3: 0, 4: 0}",1
364,False,"{'a': 0.8, 'e': 0.054803566775614154}",20,12,2.5692530281280437,"{0: 7, 1: 0, 2: 1, 3: 0, 4: 0}",1
365,False,"{'a': 0.8, 'e': 0.054366887288313223}",30,9,32.09044771423481,"{0: 21, 1: 0, 2: 0, 3: 0, 4: 0}",1
366,False,"{'a': 0.8, 'e': 0.053933687300356019}",20,1,10.905038387372779,"{0: 18, 1: 0, 2: 0, 3: 1, 4: 0}",1
367,False,"{'a': 0.8, 'e': 0.053503939086795439}",25,11,23.8823981132163,"{0: 14, 1: 0, 2: 0, 3: 0, 4: 0}",1
368,False,"{'a': 0.8, 'e': 0.053077615143599134}",20,0,28.983946251049353,"{0: 20, 1: 0, 2: 0, 3: 0, 4: 0}",0
369,False,"{'a': 0.8, 'e': 0.052654688185889212}",25,3,35.12768991605022,"{0: 22, 1: 0, 2: 0, 3: 0, 4: 0}",1
370,False,"{'a': 0.8, 'e': 0.052235131146196032}",30,16,26.501437204272438,"{0: 14, 1: 0, 2: 0, 3: 0, 4: 0}",1
371,False,"{'a': 0.8, 'e': 0.051818917172725833}",30,19,-22.7498747319361,"{0: 9, 1: 0, 2: 0, 3: 2, 4: 0}",1
372,False,"{'a': 0.8, 'e': 0.051406019627642255}",20,0,28.653875280250258,"{0: 20, 1: 0, 2: 0, 3: 0, 4: 0}",0
373,False,"{'a': 0.8, 'e': 0.050996412085361466}",25,20,9.221186812125527,"{0: 5, 1: 0, 2: 0, 3: 0, 4: 0}",1
374,False,"{'a': 0.8, 'e': 0.050590068330860959}",20,0,29.19298643602186,"{0: 20, 1: 0, 2: 0, 3: 0, 4: 0}",0
375,False,"{'a': 0.8, 'e': 0.050186962358001734}",35,18,23.23052483011345,"{0: 16, 1: 0, 2: 1, 3: 0, 4: 0}",1
376,False,"{'a': 0.8, 'e': 0.049787068367863944}",25,17,14.968298609285412,"{0: 8, 1: 0, 2: 0, 3: 0, 4: 0}",1
1,True,"{'a': 0.0, 'e': 0.0}",20,10,17.547444585892144,"{0: 10, 1: 0, 2: 0, 3: 0, 4: 0}",1
2,True,"{'a': 0.0, 'e': 0.0}",25,8,29.952733134456707,"{0: 17, 1: 0, 2: 0, 3: 0, 4: 0}",1
3,True,"{'a': 0.0, 'e': 0.0}",30,14,28.90602008172634,"{0: 16, 1: 0, 2: 0, 3: 0, 4: 0}",1
4,True,"{'a': 0.0, 'e': 0.0}",20,8,23.66832036927534,"{0: 12, 1: 0, 2: 0, 3: 0, 4: 0}",1
5,True,"{'a': 0.0, 'e': 0.0}",25,14,16.328034426609307,"{0: 11, 1: 0, 2: 0, 3: 0, 4: 0}",1
6,True,"{'a': 0.0, 'e': 0.0}",20,12,12.464985786584165,"{0: 8, 1: 0, 2: 0, 3: 0, 4: 0}",1
7,True,"{'a': 0.0, 'e': 0.0}",20,9,21.230420782683755,"{0: 11, 1: 0, 2: 0, 3: 0, 4: 0}",1
8,True,"{'a': 0.0, 'e': 0.0}",20,16,9.811708523877142,"{0: 4, 1: 0, 2: 0, 3: 0, 4: 0}",1
9,True,"{'a': 0.0, 'e': 0.0}",20,15,10.812254226833241,"{0: 5, 1: 0, 2: 0, 3: 0, 4: 0}",1
10,True,"{'a': 0.0, 'e': 0.0}",20,16,7.4780164740710315,"{0: 4, 1: 0, 2: 0, 3: 0, 4: 0}",1
